{"onehot_PF00014.fasta": {"num_heads": 96, "d_k": 11, "d_v": 14, "gamma_fact": 0.3589842296809509, "lambda_": 1.008312630967098e-05, "lr": 0.0009843007215938407, "num_epochs": 175}, "SLATM_PF00014.fasta": {"num_heads": 224, "d_k": 19, "d_v": 2, "gamma_fact": 0.12976393483917306, "lambda_": 8.133494839160771e-05, "lr": 0.03871356084307412, "num_epochs": 100}, "cMBDF_PF00014.fasta": {"num_heads": 176, "d_k": 29, "d_v": 6, "gamma_fact": 0.17174057798534464, "lambda_": 3.701092559054013e-05, "lr": 0.031015714589915786, "num_epochs": 150}, "Morgan_PF00014.fasta": {"num_heads": 64, "d_k": 22, "d_v": 5, "gamma_fact": 0.16537063121488954, "lambda_": 1.3173844031407473e-05, "lr": 0.000917864626898932, "num_epochs": 100}, "SPAHM_PF00014.fasta": {"num_heads": 192, "d_k": 21, "d_v": 14, "gamma_fact": 0.2054982383820091, "lambda_": 0.0002090954074775885, "lr": 0.0008482355220298923, "num_epochs": 150}}