{"onehot_data/PF00014.fasta": {"num_heads": 80, "d_k": 17, "d_v": 7, "gamma_fact": 6.245543952638603, "lambda_": 2.7345710762032607e-05, "lr": 0.02135639563472114, "num_epochs": 125}, "SLATM_data/PF00014.fasta": {"num_heads": 208, "d_k": 21, "d_v": 7, "gamma_fact": 5.23798079142119, "lambda_": 0.00012544898482978777, "lr": 0.0030258210534836343, "num_epochs": 100}, "cMBDF_data/PF00014.fasta": {"num_heads": 64, "d_k": 27, "d_v": 6, "gamma_fact": 0.10820360034565875, "lambda_": 1.2038476454764677e-05, "lr": 0.00010131639614509124, "num_epochs": 175}, "Morgan_data/PF00014.fasta": {"num_heads": 64, "d_k": 25, "d_v": 14, "gamma_fact": 0.17910828866828177, "lambda_": 1.63281276903481e-05, "lr": 0.0005023703016292054, "num_epochs": 150}, "SPAHM_data/PF00014.fasta": {"num_heads": 64, "d_k": 22, "d_v": 4, "gamma_fact": 0.4738224794003778, "lambda_": 0.000612935287256992, "lr": 0.0005939727267374247, "num_epochs": 125}}